payment_id,enrollment_id,installment_number,amount_due,due_date,amount_paid,payment_date,payment_status
1,ENR-001,1,175000.00,2026-01-20,184108.42,2026-01-20,paid
2,ENR-001,2,175000.00,2026-03-06,175000.00,2026-03-06,paid
3,ENR-002,1,80000.00,2026-01-25,80000.00,2026-01-25,paid
4,ENR-002,2,160000.00,2026-02-24,160000.00,2026-02-24,paid
5,ENR-002,3,160000.00,2026-03-26,160000.00,2026-03-26,paid
6,ENR-003,1,50000.00,2026-02-10,50000.00,2026-02-10,paid
7,ENR-003,2,150000.00,2026-03-12,150000.00,2026-03-12,paid
8,ENR-003,3,150000.00,2026-04-11,0.00,NULL,defaulted
9,ENR-004,1,125000.00,2026-02-15,125000.00,2026-02-20,paid_late
10,ENR-004,2,125000.00,2026-04-01,125000.00,2026-04-01,paid
11,ENR-005,1,150000.00,2026-02-20,150000.00,2026-02-20,paid
12,ENR-005,2,150000.00,2026-04-06,150000.00,2026-04-06,paid
13,ENR-006,1,156000.00,2026-03-10,156000.00,2026-03-11,paid_late
14,ENR-006,2,194000.00,2026-04-24,194000.00,2026-04-24,paid
15,ENR-007,1,63000.00,2026-03-17,63000.00,2026-03-21,paid_late
16,ENR-007,2,57400.00,2026-04-16,57400.00,2026-04-19,paid_late
17,ENR-007,3,57400.00,2026-05-16,57400.00,2026-05-16,paid
18,ENR-007,4,57400.00,2026-06-15,57400.00,2026-06-15,paid
19,ENR-007,5,57400.00,2026-07-15,57400.00,2026-07-15,paid
20,ENR-007,6,57400.00,2026-08-14,0.00,NULL,pending
21,ENR-008,1,106000.00,2026-04-01,106000.00,2026-04-01,paid
22,ENR-008,2,73500.00,2026-05-01,73500.00,2026-05-01,paid
23,ENR-008,3,73500.00,2026-05-31,73500.00,2026-05-31,paid
24,ENR-008,4,73500.00,2026-06-30,73500.00,NULL,paid_late
25,ENR-008,5,73500.00,2026-07-30,73500.00,2026-07-30,paid
26,ENR-009,1,228000.00,2025-12-07,228000.00,NULL,paid_late
27,ENR-009,2,172000.00,2026-01-21,172000.00,2026-01-21,paid
28,ENR-010,1,74000.00,2026-07-01,74000.00,2026-07-01,paid
29,ENR-010,2,88000.00,2026-07-31,0.00,NULL,defaulted
30,ENR-010,3,88000.00,2026-08-30,0.00,NULL,defaulted
31,ENR-011,1,84000.00,2025-12-05,84000.00,2025-12-05,paid
32,ENR-011,2,79000.00,2026-01-04,79000.00,2026-01-04,paid
33,ENR-011,3,79000.00,2026-02-03,79000.00,2026-02-03,paid
34,ENR-011,4,79000.00,2026-03-05,79000.00,2026-03-05,paid
35,ENR-011,5,79000.00,2026-04-04,79000.00,2026-04-04,paid
36,ENR-012,1,203000.00,2025-08-19,203000.00,2025-08-19,paid
37,ENR-012,2,147000.00,2025-10-03,147000.00,2025-10-03,paid
38,ENR-013,1,229000.00,2025-07-28,229000.00,2025-07-28,paid
39,ENR-013,2,171000.00,2025-09-11,171000.00,2025-09-11,paid
40,ENR-014,1,164000.00,2025-11-23,164000.00,2025-11-23,paid
41,ENR-014,2,186000.00,2026-01-07,186000.00,2026-01-07,paid
42,ENR-015,1,173000.00,2026-01-11,173000.00,2026-01-11,paid
43,ENR-015,2,177000.00,2026-02-25,177000.00,2026-02-25,paid
44,ENR-016,1,107000.00,2025-12-05,107000.00,2025-12-05,paid
45,ENR-016,2,96500.00,2026-01-04,96500.00,2026-01-05,paid_late
46,ENR-016,3,96500.00,2026-02-03,96500.00,2026-02-03,paid
47,ENR-017,1,350000.00,2025-10-13,350000.00,2025-10-13,paid
48,ENR-018,1,88000.00,2026-03-24,88000.00,2026-03-24,paid
49,ENR-018,2,131000.00,2026-04-23,131000.00,2026-04-23,paid
50,ENR-018,3,131000.00,2026-05-23,131000.00,2026-05-23,paid
51,ENR-019,1,400000.00,2026-06-09,400000.00,2026-06-09,paid
52,ENR-020,1,204000.00,2026-03-29,204000.00,2026-03-29,paid
53,ENR-020,2,146000.00,2026-05-13,0.00,NULL,defaulted
54,ENR-021,1,210000.00,2025-07-23,210000.00,2025-07-23,paid
55,ENR-021,2,190000.00,2025-09-06,190000.00,2025-09-06,paid
56,ENR-022,1,196000.00,2026-05-31,196000.00,2026-05-31,paid
57,ENR-022,2,154000.00,2026-07-15,154000.00,2026-07-15,paid
58,ENR-023,1,164000.00,2025-12-13,164000.00,2025-12-13,paid
59,ENR-023,2,186000.00,2026-01-27,186000.00,2026-01-27,paid
60,ENR-024,1,69000.00,2025-12-18,69000.00,2025-12-18,paid
61,ENR-024,2,115500.00,2026-01-17,0.00,NULL,defaulted
62,ENR-024,3,115500.00,2026-02-16,0.00,NULL,defaulted
63,ENR-025,1,92000.00,2025-10-31,92000.00,2025-10-31,paid
64,ENR-025,2,104000.00,2025-11-30,110726.96,2025-11-30,paid
65,ENR-025,3,104000.00,2025-12-30,104000.00,2025-12-30,paid
66,ENR-026,1,25000.00,2026-04-09,25000.00,2026-04-09,paid
67,ENR-026,2,375000.00,2026-05-24,0.00,NULL,defaulted
68,ENR-027,1,117000.00,2026-07-02,117000.00,2026-07-02,paid
69,ENR-027,2,116500.00,2026-08-01,116500.00,2026-07-27,paid
70,ENR-027,3,116500.00,2026-08-31,116500.00,2026-08-31,paid
71,ENR-028,1,76000.00,2026-02-13,76000.00,2026-02-14,paid_late
72,ENR-028,2,81000.00,2026-03-15,81000.00,2026-03-15,paid
73,ENR-028,3,81000.00,2026-04-14,81000.00,2026-04-14,paid
74,ENR-028,4,81000.00,2026-05-14,81000.00,2026-05-14,paid
75,ENR-028,5,81000.00,2026-06-13,81000.00,2026-06-13,paid
76,ENR-029,1,34000.00,2025-11-02,34000.00,2025-11-02,paid
77,ENR-029,2,63200.00,2025-12-02,0.00,NULL,defaulted
78,ENR-029,3,63200.00,2026-01-01,0.00,NULL,defaulted
79,ENR-029,4,63200.00,2026-01-31,0.00,NULL,defaulted
80,ENR-029,5,63200.00,2026-03-02,0.00,NULL,defaulted
81,ENR-029,6,63200.00,2026-04-01,0.00,NULL,defaulted
82,ENR-030,1,115000.00,2026-03-20,115000.00,2026-03-20,paid
83,ENR-030,2,117500.00,2026-04-19,117500.00,2026-04-18,paid
84,ENR-030,3,117500.00,2026-05-19,117500.00,2026-05-19,paid
85,ENR-031,1,34000.00,2025-07-27,34000.00,2025-07-27,paid
86,ENR-031,2,366000.00,2025-09-10,0.00,NULL,defaulted
87,ENR-032,1,30000.00,2026-03-24,30000.00,2026-03-24,paid
88,ENR-032,2,135000.00,2026-04-23,135000.00,2026-04-23,paid
89,ENR-032,3,135000.00,2026-05-23,0.00,NULL,defaulted
90,ENR-033,1,78000.00,2025-10-26,78000.00,2025-10-26,paid
91,ENR-033,2,136000.00,2025-11-25,136000.00,2025-11-25,paid
92,ENR-033,3,136000.00,2025-12-25,141366.90,2025-12-25,paid
93,ENR-034,1,122000.00,2026-07-03,122000.00,2026-07-06,paid_late
94,ENR-034,2,114000.00,2026-08-02,114000.00,2026-08-02,paid
95,ENR-034,3,114000.00,2026-09-01,0.00,NULL,pending
96,ENR-035,1,104000.00,2026-07-08,104000.00,2026-07-08,paid
97,ENR-035,2,49200.00,2026-08-07,0.00,NULL,pending
98,ENR-035,3,49200.00,2026-09-06,0.00,NULL,pending
99,ENR-035,4,49200.00,2026-10-06,0.00,NULL,pending
100,ENR-035,5,49200.00,2026-11-05,0.00,NULL,pending
101,ENR-035,6,49200.00,2026-12-05,0.00,NULL,pending
